Workbook

Sheet Database
A1: Gender | B1: Usia | C1: Diamond | D1: Ruby | E1: Emerald | F1: Topaz | G1: Topaz ID | H1: Jade | I1: Jade ID | J1: Sapphire | K1: Diamond Smart | L1: Ruby Smart | M1: Emerald Smart | N1: Topaz Smart | O1: Jade Smart
A2: PRIA | B2: 0 | C2: 47658100 | D2: 32451400 | E2: 18274400 | F2: 13435500 | G2: 10466200 | H2: 10335000 | I2: 8140600 | J2: 6366300 | K2: 28594900 | L2: 19470800 | M2: 10964600 | N2: 8061300 | O2: 6201000
A3: PRIA | B3: 1 | C3: 46755600 | D3: 31579600 | E3: 17431700 | F3: 12409800 | G3: 9667100 | H3: 9546000 | I3: 7519100 | J3: 5880300 | K3: 28053400 | L3: 18947800 | M3: 10459000 | N3: 7445900 | O3: 5727600
A4: PRIA | B4: 2 | C4: 46739200 | D4: 31563300 | E4: 17416300 | F4: 12391100 | G4: 9652500 | H4: 9531600 | I4: 7507800 | J4: 5871500 | K4: 28043500 | L4: 18938000 | M4: 10449800 | N4: 7434700 | O4: 5719000
A5: PRIA | B5: 3 | C5: 37646000 | D5: 25444200 | E5: 14069300 | F5: 10057200 | G5: 7834400 | H5: 7736200 | I5: 6093600 | J5: 4765500 | K5: 22587600 | L5: 15266500 | M5: 8441600 | N5: 6034300 | O5: 4641700
A6: PRIA | B6: 4 | C6: 37636100 | D6: 25434300 | E6: 14059700 | F6: 10049200 | G6: 7828200 | H6: 7730200 | I6: 6088800 | J6: 4761700 | K6: 22581700 | L6: 15260600 | M6: 8435800 | N6: 6029500 | O6: 4638100
A7: PRIA | B7: 5 | C7: 37629400 | D7: 25430900 | E7: 14056600 | F7: 10041400 | G7: 7840300 | H7: 7724200 | I7: 6087800 | J7: 4758000 | K7: 22577600 | L7: 15258500 | M7: 8434000 | N7: 6024800 | O7: 4634500
A8: PRIA | B8: 6 | C8: 37759100 | D8: 25517600 | E8: 14099200 | F8: 10071800 | G8: 7894100 | H8: 7747600 | I8: 6106400 | J8: 4772500 | K8: 22655500 | L8: 15310600 | M8: 8459500 | N8: 6043100 | O8: 4648600
A9: PRIA | B9: 7 | C9: 37764700 | D9: 25521800 | E9: 14103200 | F9: 10073800 | G9: 7899800 | H9: 7749500 | I9: 6111600 | J9: 4773700 | K9: 22658800 | L9: 15313100 | M9: 8461900 | N9: 6044300 | O9: 4649700
A10: PRIA | B10: 8 | C10: 37770300 | D10: 25525900 | E10: 14107100 | F10: 10075700 | G10: 7905500 | H10: 7751300 | I10: 6115200 | J10: 4774800 | K10: 22662200 | L10: 15315500 | M10: 8464300 | N10: 6045400 | O10: 4650800
A11: PRIA | B11: 9 | C11: 37775900 | D11: 25530100 | E11: 14111100 | F11: 10077800 | G11: 7911100 | H11: 7753200 | I11: 6118800 | J11: 4775900 | K11: 22665500 | L11: 15318100 | M11: 8466700 | N11: 6046700 | O11: 4651900
A12: PRIA | B12: 10 | C12: 37781500 | D12: 25534200 | E12: 14115000 | F12: 10079800 | G12: 7916800 | H12: 7755100 | I12: 6122400 | J12: 4777100 | K12: 22668900 | L12: 15320500 | M12: 8469000 | N12: 6047900 | O12: 4653100
A13: PRIA | B13: 11 | C13: 37788800 | D13: 25540000 | E13: 14119100 | F13: 10082700 | G13: 7934600 | H13: 7757000 | I13: 6133200 | J13: 4778300 | K13: 22673300 | L13: 15324000 | M13: 8471500 | N13: 6049600 | O13: 4654200
... A173: WANITA | B173: 85 | C173: 372388100 | D173: 263119000 | E173: 159114300 | F173: 121141400 | G173: 99418700 | H173: 93185600 | I173: 84417200 | J173: 56444000 | K173: 223432900 | L173: 157871400 | M173: 95468600 | N173: 72684800 | O173: 55911400

Sheet Kalkulator MiUHC
A2: 🏦 Manulife | C2: Mi Ultimate Healthcare (MiUHC)
C3: PT Asuransi Jiwa Manulife Indonesia
A4: PETRUS JAKUB MANULIFE 087781896087
B6: Jenis Kelamin | C6: Pria
B7: Usia | C7: 31 | D7: *Usia setelah ulang tahun terakhir
B9: Most Wanted [ No Deductible ]
B10: Premi Tahunan | C10: {=IFERROR(ROUND(INDEX(Database!$I:$I,MATCH(1,(Database!$A:$A=IF($C$6="Pria","PRIA","WANITA"))*(Database!$B:$B=$C$7),0))*1.12,-2),0)} -> 0 | D10: {=IFERROR(ROUND(INDEX(Database!$H:$H,MATCH(1,(Database!$A:$A=IF($C$6="Pria","PRIA","WANITA"))*(Database!$B:$B=$C$7),0))*1.12,-2),0)} -> 0 | E10: {=IFERROR(ROUND(INDEX(Database!$G:$G,MATCH(1,(Database!$A:$A=IF($C$6="Pria","PRIA","WANITA"))*(Database!$B:$B=$C$7),0))*1.12,-2),0)} -> 0 | F10: {=IFERROR(ROUND(INDEX(Database!$F:$F,MATCH(1,(Database!$A:$A=IF($C$6="Pria","PRIA","WANITA"))*(Database!$B:$B=$C$7),0))*1.12,-2),0)} -> 0
B11: Premi Bulanan | C11: =IFERROR(ROUND(C10*1.14/12,-2),0) -> 0 | D11: =IFERROR(ROUND(D10*1.14/12,-2),0) -> 0 | E11: =IFERROR(ROUND(E10*1.14/12,-2),0) -> 0 | F11: =IFERROR(ROUND(F10*1.14/12,-2),0) -> 0
B12: Plan | C12: Jade ID | D12: Jade | E12: Topaz ID | F12: Topaz
B13: Wilayah | C13: Indonesia | D13: Seluruh Asia (kec. JPN/HKG/SGP) | E13: Indonesia | F13: Seluruh Asia (kec. JPN/HKG/SGP)
B14: Kamar | C14: 2 Bed | E14: 1 Bed
B15: Limit Kartu | C15: 10 M | E15: 18 M
B16: Asuransi Jiwa | C16: 30 Juta
B17: Rawat Inap | C17: Sesuai Tagihan
B18: No-Claim BONUS | C18: Setahun tanpa klaim? LIMIT tahunan kartu Anda naik 10% per tahun hingga 50%
B19: No-Claim DISCOUNT | C19: Setahun tanpa klaim? Dapatkan DISCOUNT 10% di tahun berikutnya, hingga 15%
B21: HEMAT 40%
B22: Premi Tahunan | C22: {=IFERROR(ROUND(INDEX(Database!$O:$O,MATCH(1,(Database!$A:$A=IF($C$6="Pria","PRIA","WANITA"))*(Database!$B:$B=$C$7),0))*1.12,-2),0)} -> 0 | E22: {=IFERROR(ROUND(INDEX(Database!$N:$N,MATCH(1,(Database!$A:$A=IF($C$6="Pria","PRIA","WANITA"))*(Database!$B:$B=$C$7),0))*1.12,-2),0)} -> 0
B23: Premi Bulanan | C23: =IFERROR(ROUND(C22*1.14/12,-2),0) -> 0 | E23: =IFERROR(ROUND(E22*1.14/12,-2),0) -> 0
B24: Plan | C24: Jade SMART | E24: Topaz SMART
B25: Wilayah | C25: Seluruh Asia (kec. JPN/ HKG / SGP) | E25: Seluruh Asia (kec. JPN/ HKG / SGP)
B26: Kamar | C26: 2 Bed | E26: 1 Bed
B27: Deductible* | C27: Rp5.000.000 | E27: Rp8.000.000
A29: *Deductible = biaya yang ditanggung nasabah sendiri sebelum manfaat asuransi berlaku | Premi = RS Premi × 1.12 (tahunan) → bulanan × 1.14 / 12

Sheet Database Syariah
A1: Gender | B1: Usia | C1: Diamond | D1: Ruby | E1: Emerald | F1: Topaz | G1: Topaz ID | H1: Jade | I1: Jade ID | J1: Sapphire | K1: Diamond Smart | L1: Ruby Smart | M1: Emerald Smart | N1: Topaz Smart | O1: Jade Smart
A2: PRIA | B2: 0 | C2: 42551900 | D2: 28974500 | E2: 16316400 | F2: 11996000 | G2: 9344800 | H2: 9227700 | I2: 7268400 | J2: 5684200 | K2: 25531100 | L2: 17384700 | M2: 9789800 | N2: 7197600 | O2: 5536600
A3: PRIA | B3: 1 | C3: 41746100 | D3: 28196100 | E3: 15564000 | F3: 11080200 | G3: 8631300 | H3: 8523200 | I3: 6713500 | J3: 5250300 | K3: 25047700 | L3: 16917700 | M3: 9338400 | N3: 6648100 | O3: 5113900
A4: PRIA | B4: 2 | C4: 41731400 | D4: 28181500 | E4: 15550300 | F4: 11063500 | G4: 8618300 | H4: 8510400 | I4: 6703400 | J4: 5242400 | K4: 25038800 | L4: 16908900 | M4: 9330200 | N4: 6638100 | O4: 5106200
A5: PRIA | B5: 3 | C5: 33612500 | D5: 22718000 | E5: 12561900 | F5: 8979600 | G5: 6995000 | H5: 6907300 | I5: 5440700 | J5: 4254900 | K5: 20167500 | L5: 13630800 | M5: 7537100 | N5: 5387800 | O5: 4144400
A6: PRIA | B6: 4 | C6: 33603700 | D6: 22709200 | E6: 12553300 | F6: 8972500 | G6: 6989500 | H6: 6902000 | I6: 5436400 | J6: 4251500 | K6: 20162200 | L6: 13625500 | M6: 7532000 | N6: 5383500 | O6: 4141200
A7: PRIA | B7: 5 | C7: 33597700 | D7: 22706200 | E7: 12550500 | F7: 8965500 | G7: 7000300 | H7: 6896600 | I7: 5435500 | J7: 4248200 | K7: 20158600 | L7: 13623700 | M7: 7530300 | N7: 5379300 | O7: 4138000
A8: PRIA | B8: 6 | C8: 33713500 | D8: 22783600 | E8: 12588600 | F8: 8992700 | G8: 7048300 | H8: 6917500 | I8: 5452100 | J8: 4261200 | K8: 20228100 | L8: 13670200 | M8: 7553200 | N8: 5395600 | O8: 4150500
A9: PRIA | B9: 7 | C9: 33718500 | D9: 22787300 | E9: 12592100 | F9: 8994500 | G9: 7053400 | H9: 6919200 | I9: 5456800 | J9: 4262200 | K9: 20231100 | L9: 13672400 | M9: 7555300 | N9: 5396700 | O9: 4151500
A10: PRIA | B10: 8 | C10: 33723500 | D10: 22791000 | E10: 12595600 | F10: 8996200 | G10: 7058500 | H10: 6920800 | I10: 5460000 | J10: 4263200 | K10: 20234100 | L10: 13674600 | M10: 7557400 | N10: 5397700 | O10: 4152500
A11: PRIA | B11: 9 | C11: 33728500 | D11: 22794700 | E11: 12599200 | F11: 8998000 | G11: 7063500 | H11: 6922500 | I11: 5463200 | J11: 4264200 | K11: 20237100 | L11: 13676800 | M11: 7559500 | N11: 5398800 | O11: 4153500
A12: PRIA | B12: 10 | C12: 33733500 | D12: 22798400 | E12: 12602700 | F12: 8999800 | G12: 7068600 | H12: 6924200 | I12: 5466400 | J12: 4265300 | K12: 20240100 | L12: 13679000 | M12: 7561600 | N12: 5399900 | O12: 4154500
A13: PRIA | B13: 11 | C13: 33740000 | D13: 22803600 | E13: 12606300 | F13: 9002400 | G13: 7084500 | H13: 6925900 | I13: 5476100 | J13: 4266300 | K13: 20244000 | L13: 13682200 | M13: 7563800 | N13: 5401400 | O13: 4155500
... A173: WANITA | B173: 85 | C173: 332489400 | D173: 234927700 | E173: 142066300 | F173: 108162000 | G173: 88766700 | H173: 83201400 | I173: 75372500 | J173: 50396400 | K173: 199493600 | L173: 140956600 | M173: 85239800 | N173: 64897200 | O173: 49920800

Sheet Kalkulator MiUHC Syariah
A2: 🏦 Manulife | C2: Mi Ultimate Healthcare (MiUHC)
C3: PT Asuransi Jiwa Manulife Indonesia
A4: PETRUS JAKUB MANULIFE 087781896087
B6: Jenis Kelamin | C6: Pria
B7: Usia | C7: 31 | D7: *Usia setelah ulang tahun terakhir
B9: Most Wanted [ No Deductible ]
B10: Premi Tahunan | C10: {=IFERROR(ROUND(INDEX('Database Syariah'!$I:$I,MATCH(1,('Database Syariah'!$A:$A=IF($C$6="Pria","PRIA","WANITA"))*('Database Syariah'!$B:$B=$C$7),0))*1.12,-2),0)} -> 0 | D10: {=IFERROR(ROUND(INDEX('Database Syariah'!$H:$H,MATCH(1,('Database Syariah'!$A:$A=IF($C$6="Pria","PRIA","WANITA"))*('Database Syariah'!$B:$B=$C$7),0))*1.12,-2),0)} -> 0 | E10: {=IFERROR(ROUND(INDEX('Database Syariah'!$G:$G,MATCH(1,('Database Syariah'!$A:$A=IF($C$6="Pria","PRIA","WANITA"))*('Database Syariah'!$B:$B=$C$7),0))*1.12,-2),0)} -> 0 | F10: {=IFERROR(ROUND(INDEX('Database Syariah'!$F:$F,MATCH(1,('Database Syariah'!$A:$A=IF($C$6="Pria","PRIA","WANITA"))*('Database Syariah'!$B:$B=$C$7),0))*1.12,-2),0)} -> 0
B11: Premi Bulanan | C11: =IFERROR(ROUND(C10*1.14/12,-2),0) -> 0 | D11: =IFERROR(ROUND(D10*1.14/12,-2),0) -> 0 | E11: =IFERROR(ROUND(E10*1.14/12,-2),0) -> 0 | F11: =IFERROR(ROUND(F10*1.14/12,-2),0) -> 0
B12: Plan | C12: Jade ID | D12: Jade | E12: Topaz ID | F12: Topaz
B13: Wilayah | C13: Indonesia | D13: Seluruh Asia (kec. JPN/HKG/SGP) | E13: Indonesia | F13: Seluruh Asia (kec. JPN/HKG/SGP)
B14: Kamar | C14: 2 Bed | E14: 1 Bed
B15: Limit Kartu | C15: 10 M | E15: 18 M
B16: Asuransi Jiwa | C16: 30 Juta
B17: Rawat Inap | C17: Sesuai Tagihan
B18: No-Claim BONUS | C18: Setahun tanpa klaim? LIMIT tahunan kartu Anda naik 10% per tahun hingga 50%
B19: No-Claim DISCOUNT | C19: Setahun tanpa klaim? Dapatkan DISCOUNT 10% di tahun berikutnya, hingga 15%
B21: HEMAT 40%
B22: Premi Tahunan | C22: {=IFERROR(ROUND(INDEX('Database Syariah'!$O:$O,MATCH(1,('Database Syariah'!$A:$A=IF($C$6="Pria","PRIA","WANITA"))*('Database Syariah'!$B:$B=$C$7),0))*1.12,-2),0)} -> 0 | E22: {=IFERROR(ROUND(INDEX('Database Syariah'!$N:$N,MATCH(1,('Database Syariah'!$A:$A=IF($C$6="Pria","PRIA","WANITA"))*('Database Syariah'!$B:$B=$C$7),0))*1.12,-2),0)} -> 0
B23: Premi Bulanan | C23: =IFERROR(ROUND(C22*1.14/12,-2),0) -> 0 | E23: =IFERROR(ROUND(E22*1.14/12,-2),0) -> 0
B24: Plan | C24: Jade SMART | E24: Topaz SMART
B25: Wilayah | C25: Seluruh Asia (kec. JPN/ HKG / SGP) | E25: Seluruh Asia (kec. JPN/ HKG / SGP)
B26: Kamar | C26: 2 Bed | E26: 1 Bed
B27: Deductible* | C27: Rp5.000.000 | E27: Rp8.000.000
A29: *Deductible = biaya yang ditanggung nasabah sendiri sebelum manfaat asuransi berlaku | Premi = RS Premi × 1.12 (tahunan) → bulanan × 1.14 / 12
